Disease,Accuracy,Precision,Recall,F1-Score
Diabetes,0.939,0.7974683544303798,0.9356435643564357,0.8610478359908884
Heart Disease,0.946,0.696969696969697,0.8679245283018868,0.773109243697479
Hypertension,0.968,0.6805555555555556,0.8448275862068966,0.7538461538461538
Stroke,0.957,0.5921052631578947,0.7894736842105263,0.6766917293233082
Disease Risk,0.938,0.8535714285714285,0.9192307692307692,0.8851851851851852
